CVE,CVSS,VulnType,Software,POCVersion,POCResult
CVE-2014-1761 (MS14-017),9.3 (CVSS2.0),Heap overflow,Microsoft Word,2013 professional plus,Crash
CVE-2023-21716,9.8,Heap BOF,Microsoft Word,2013 professional plus,Crash
CVE-2018-1000117,6.7,BOF,Python,3.5.4,Crash
CVE-2021-3177,9.8,Stack BOF,Python,3.6.0,Crash
CVE-2004-1254,10.0 (CVSS2.0),BOF,WinRAR,3.4,Crash
CVE-2016-2334,7.8,Heap BOF,7zip,9.2,Crash
CVE-2016-2563,9.8,Stack BOF,PuTTY,0.66,Crash
CVE-2009-0182,8.8,BOF,VUPlayer,2.49,RCE
CVE-2009-0812,9.3 (CVSS2.0),Stack BOF,Hex Workshop,6.01,Crash
CVE-2021-44790,9.8,BOF,Apache HTTP Server,2.4.38,Crash
CVE-2018-19490,7.8,Heap BOF,gnuplot,5.2.5,Crash
CVE-2018-1000038,7.8,Stack BOF,MuPDF,1.12.0,Crash
CVE-2020-19609,5.5,Heap BOF,MuPDF,1.18.0,Crash
CVE-2007-2079,9.3 (CVSS2.0),BOF,XAMPP,1.6.0a,Crash
CVE-2020-12672,7.5,Heap BOF,GraphicsMagick,1.3.35,Crash
CVE-2021-26805,5.5,Heap BOF,tsMuxer,git-c515350,Crash
CVE-2022-30190 (Follina),7.8,BOF,Microsoft Windows Support Diagnostic Tool (MSDT),Windows Server 2022,RCE
CVE-2023-40166 (GHSL-2023-092),5.5,Heap BOF,Notepad++,8.5.6,Crash
CVE-2018-7886,7.8,BOF,CloudMe,1.11.0,RCE/Crash